orderid,customerid,orderplaceddatetime,ordercompletiondatetime,orderstatus
1,1,1979-01-28 14:15:26,1979-01-28 14:15:26,Cancelled
2,5,1997-04-14 04:39:07,1997-04-14 04:39:07,InProgress
3,5,2020-02-23 14:34:32,2020-02-23 14:34:32,Completed
4,6,2008-03-28 08:01:17,2008-03-28 08:01:17,InProgress
5,3,1977-01-16 17:40:26,1977-01-16 17:40:26,InProgress
6,10,1982-08-25 21:04:18,1982-08-25 21:04:18,InProgress
7,4,2010-09-14 12:41:16,2010-09-14 12:41:16,Completed
8,9,1994-03-25 17:20:31,1994-03-25 17:20:31,Cancelled
9,5,2017-07-17 23:00:42,2017-07-17 23:00:42,Cancelled
10,8,1982-09-24 00:30:45,1982-09-24 00:30:45,InProgress
11,3,1978-04-23 09:58:59,1978-04-23 09:58:59,Cancelled
12,2,1990-02-23 15:22:33,1990-02-23 15:22:33,Completed
13,9,2021-06-06 03:49:58,2021-06-06 03:49:58,InProgress
14,9,1978-04-17 04:59:18,1978-04-17 04:59:18,InProgress
15,7,1990-02-20 03:56:20,1990-02-20 03:56:20,Cancelled
16,9,1998-01-01 21:28:37,1998-01-01 21:28:37,InProgress
17,8,1991-08-24 16:02:55,1991-08-24 16:02:55,Completed
18,4,2005-02-23 11:37:13,2005-02-23 11:37:13,InProgress
19,8,2008-09-22 20:30:52,2008-09-22 20:30:52,InProgress
20,5,1982-05-12 07:25:41,1982-05-12 07:25:41,Completed
21,6,2010-01-07 14:21:50,2010-01-07 14:21:50,Completed
22,4,1987-08-28 06:24:52,1987-08-28 06:24:52,Cancelled
23,8,1978-04-04 16:27:04,1978-04-04 16:27:04,Cancelled
24,4,1972-08-04 23:07:55,1972-08-04 23:07:55,Completed
25,2,2010-04-16 14:30:17,2010-04-16 14:30:17,Completed
26,1,1972-04-20 19:43:23,1972-04-20 19:43:23,InProgress
27,8,2019-01-16 14:46:09,2019-01-16 14:46:09,Completed
28,5,2003-01-24 10:27:45,2003-01-24 10:27:45,Cancelled
29,4,2007-08-02 17:12:49,2007-08-02 17:12:49,Cancelled
30,4,1996-04-02 12:58:22,1996-04-02 12:58:22,Cancelled
31,6,2002-01-14 06:35:19,2002-01-14 06:35:19,Cancelled
32,1,1981-01-24 01:41:52,1981-01-24 01:41:52,InProgress
33,7,2017-06-16 12:18:22,2017-06-16 12:18:22,InProgress
34,7,2004-03-19 15:22:59,2004-03-19 15:22:59,Cancelled
35,6,2004-04-27 05:29:56,2004-04-27 05:29:56,Cancelled
36,9,2003-04-09 01:40:35,2003-04-09 01:40:35,InProgress
37,2,1972-12-03 14:06:18,1972-12-03 14:06:18,Cancelled
38,5,1983-09-27 15:11:25,1983-09-27 15:11:25,InProgress
39,3,2014-06-18 00:50:41,2014-06-18 00:50:41,Cancelled
40,3,1998-04-12 23:00:24,1998-04-12 23:00:24,InProgress
41,8,1991-11-26 03:38:57,1991-11-26 03:38:57,InProgress
42,5,1974-03-06 04:31:20,1974-03-06 04:31:20,Cancelled
43,7,2015-09-01 17:35:44,2015-09-01 17:35:44,Completed
44,2,2011-01-09 08:33:04,2011-01-09 08:33:04,Completed
45,1,1999-05-05 14:43:30,1999-05-05 14:43:30,InProgress
46,1,2012-10-05 16:59:36,2012-10-05 16:59:36,Cancelled
47,7,1990-04-26 05:09:16,1990-04-26 05:09:16,Cancelled
48,7,2020-05-20 13:22:40,2020-05-20 13:22:40,Completed
49,9,2009-07-28 13:21:19,2009-07-28 13:21:19,Completed
50,1,2001-06-26 12:21:00,2001-06-26 12:21:00,Completed
51,7,1992-09-12 14:20:22,1992-09-12 14:20:22,Cancelled
52,2,1983-12-08 02:48:15,1983-12-08 02:48:15,Completed
53,10,1999-12-14 17:10:48,1999-12-14 17:10:48,Completed
54,2,1997-03-27 06:36:43,1997-03-27 06:36:43,Cancelled
55,10,2014-08-29 22:01:20,2014-08-29 22:01:20,InProgress
56,9,1977-04-19 05:30:21,1977-04-19 05:30:21,Completed
57,1,1975-05-23 06:19:44,1975-05-23 06:19:44,Cancelled
58,5,1995-08-19 07:27:58,1995-08-19 07:27:58,Completed
59,1,2001-04-25 00:13:07,2001-04-25 00:13:07,InProgress
60,4,2001-06-13 20:23:25,2001-06-13 20:23:25,InProgress
61,9,1983-01-21 20:39:50,1983-01-21 20:39:50,Cancelled
62,5,2010-07-29 17:11:32,2010-07-29 17:11:32,Completed
63,10,2005-04-15 07:07:10,2005-04-15 07:07:10,InProgress
64,6,1993-07-09 03:21:50,1993-07-09 03:21:50,Cancelled
65,2,2005-11-22 23:28:42,2005-11-22 23:28:42,Completed
66,2,1991-06-27 23:04:14,1991-06-27 23:04:14,InProgress
67,8,1981-07-10 05:15:51,1981-07-10 05:15:51,Completed
68,7,1987-09-20 19:21:33,1987-09-20 19:21:33,Cancelled
69,1,1979-08-12 19:52:54,1979-08-12 19:52:54,InProgress
70,5,2009-06-16 01:28:09,2009-06-16 01:28:09,Completed
71,10,2000-09-19 17:59:04,2000-09-19 17:59:04,Cancelled
72,7,1982-06-23 21:45:19,1982-06-23 21:45:19,InProgress
73,8,1981-01-11 22:21:39,1981-01-11 22:21:39,Completed
74,9,2016-03-23 09:12:54,2016-03-23 09:12:54,Cancelled
75,3,1992-11-05 14:02:10,1992-11-05 14:02:10,Cancelled
76,10,1986-05-22 06:51:01,1986-05-22 06:51:01,Cancelled
77,6,1984-01-21 16:55:52,1984-01-21 16:55:52,Cancelled
78,8,1990-12-13 03:49:36,1990-12-13 03:49:36,InProgress
79,8,2018-11-28 20:46:12,2018-11-28 20:46:12,Cancelled
80,5,1985-10-11 17:24:29,1985-10-11 17:24:29,Completed
81,8,1994-03-17 12:57:33,1994-03-17 12:57:33,InProgress
82,8,2006-06-21 15:07:05,2006-06-21 15:07:05,Completed
83,2,1986-06-07 06:46:44,1986-06-07 06:46:44,InProgress
84,6,1999-02-22 13:47:01,1999-02-22 13:47:01,Cancelled
85,7,1991-12-05 11:51:42,1991-12-05 11:51:42,Cancelled
86,10,1983-12-08 07:58:14,1983-12-08 07:58:14,Completed
87,6,1986-07-26 09:26:25,1986-07-26 09:26:25,Cancelled
88,9,2013-10-01 20:24:23,2013-10-01 20:24:23,Cancelled
89,7,1993-06-12 11:50:08,1993-06-12 11:50:08,InProgress
90,9,1976-09-25 15:09:15,1976-09-25 15:09:15,InProgress
91,3,2012-12-11 00:12:07,2012-12-11 00:12:07,InProgress
92,6,1980-12-14 16:11:53,1980-12-14 16:11:53,InProgress
93,2,1974-11-16 00:25:55,1974-11-16 00:25:55,Cancelled
94,8,1987-02-20 22:55:23,1987-02-20 22:55:23,Completed
95,3,2020-08-02 19:34:44,2020-08-02 19:34:44,Cancelled
96,1,1974-03-04 17:01:09,1974-03-04 17:01:09,InProgress
97,9,1995-03-12 16:42:02,1995-03-12 16:42:02,Completed
98,7,1975-08-13 06:41:37,1975-08-13 06:41:37,InProgress
99,4,2021-07-16 10:09:56,2021-07-16 10:09:56,Cancelled
100,3,1999-11-29 22:41:55,1999-11-29 22:41:55,InProgress
101,2,1974-08-17 04:32:22,1974-08-17 04:32:22,InProgress
102,5,1988-04-01 14:36:27,1988-04-01 14:36:27,Cancelled
103,2,1980-03-01 00:48:00,1980-03-01 00:48:00,Completed
104,10,2004-12-27 05:01:11,2004-12-27 05:01:11,Cancelled
105,7,2020-01-04 10:21:02,2020-01-04 10:21:02,InProgress
106,6,2000-03-20 19:07:00,2000-03-20 19:07:00,Completed
107,5,2001-02-04 20:19:05,2001-02-04 20:19:05,InProgress
108,9,1986-05-07 17:21:48,1986-05-07 17:21:48,Completed
109,6,2010-02-18 21:17:52,2010-02-18 21:17:52,Completed
110,9,2000-10-15 21:47:38,2000-10-15 21:47:38,InProgress
111,3,1976-12-20 16:10:44,1976-12-20 16:10:44,InProgress
112,7,1996-04-29 20:25:27,1996-04-29 20:25:27,InProgress
113,2,1984-12-17 17:43:18,1984-12-17 17:43:18,Completed
114,9,1983-05-30 20:18:39,1983-05-30 20:18:39,Cancelled
115,8,1994-11-11 16:25:09,1994-11-11 16:25:09,Cancelled
116,5,2002-05-29 13:41:32,2002-05-29 13:41:32,Cancelled
117,7,2005-12-23 17:47:40,2005-12-23 17:47:40,Cancelled
118,2,2009-12-15 01:09:22,2009-12-15 01:09:22,InProgress
119,6,1981-08-08 13:27:48,1981-08-08 13:27:48,Completed
120,10,1994-10-28 08:51:19,1994-10-28 08:51:19,Cancelled
121,2,2016-05-01 16:44:42,2016-05-01 16:44:42,Cancelled
122,7,1983-11-26 08:42:17,1983-11-26 08:42:17,Completed
123,3,2012-05-10 03:38:53,2012-05-10 03:38:53,Cancelled
124,1,1980-05-08 08:37:27,1980-05-08 08:37:27,Completed
125,1,1973-03-13 18:22:17,1973-03-13 18:22:17,Completed
126,4,1970-06-29 11:54:42,1970-06-29 11:54:42,InProgress
127,5,1980-04-18 02:21:13,1980-04-18 02:21:13,InProgress
128,7,2021-08-03 12:48:26,2021-08-03 12:48:26,Completed
129,4,1995-04-17 10:33:48,1995-04-17 10:33:48,Cancelled
130,6,1978-07-25 20:18:41,1978-07-25 20:18:41,Completed
131,4,2003-11-25 19:59:17,2003-11-25 19:59:17,InProgress
132,8,1978-03-27 05:11:43,1978-03-27 05:11:43,InProgress
133,9,2000-07-18 20:09:03,2000-07-18 20:09:03,Cancelled
134,10,1979-03-28 11:21:47,1979-03-28 11:21:47,Completed
135,1,2019-10-14 00:25:30,2019-10-14 00:25:30,Completed
136,9,2018-04-12 02:16:21,2018-04-12 02:16:21,Cancelled
137,1,1999-11-25 06:26:34,1999-11-25 06:26:34,Cancelled
138,3,2017-10-07 22:09:59,2017-10-07 22:09:59,Completed
139,1,2009-09-15 19:07:28,2009-09-15 19:07:28,Completed
140,1,2009-09-25 21:39:47,2009-09-25 21:39:47,Cancelled
141,10,2010-06-17 16:30:51,2010-06-17 16:30:51,Completed
142,7,2005-09-06 06:03:48,2005-09-06 06:03:48,Cancelled
143,4,1971-11-25 18:44:32,1971-11-25 18:44:32,Cancelled
144,8,2002-02-09 10:06:36,2002-02-09 10:06:36,InProgress
145,6,1975-04-18 22:07:23,1975-04-18 22:07:23,InProgress
146,6,2016-05-06 21:11:14,2016-05-06 21:11:14,Completed
147,1,2011-04-21 01:28:12,2011-04-21 01:28:12,Cancelled
148,9,1984-02-14 21:29:00,1984-02-14 21:29:00,Cancelled
149,9,2016-02-16 20:45:21,2016-02-16 20:45:21,Completed
150,6,1986-03-18 06:13:41,1986-03-18 06:13:41,Completed
151,10,2010-07-25 21:45:09,2010-07-25 21:45:09,Completed
152,5,2003-10-15 04:41:39,2003-10-15 04:41:39,Completed
153,5,1990-04-16 00:56:34,1990-04-16 00:56:34,Completed
154,10,1970-04-21 03:25:20,1970-04-21 03:25:20,InProgress
155,3,2016-09-13 17:20:17,2016-09-13 17:20:17,InProgress
156,1,1982-02-16 02:20:33,1982-02-16 02:20:33,Completed
157,10,2004-03-13 05:01:25,2004-03-13 05:01:25,Completed
158,1,1978-07-21 17:43:28,1978-07-21 17:43:28,Cancelled
159,5,1986-05-30 11:15:36,1986-05-30 11:15:36,Cancelled
160,5,2011-03-21 11:36:16,2011-03-21 11:36:16,InProgress
161,10,1971-08-23 11:34:51,1971-08-23 11:34:51,Cancelled
162,10,1972-05-19 11:37:29,1972-05-19 11:37:29,Completed
163,6,1973-03-20 11:05:45,1973-03-20 11:05:45,Completed
164,8,1990-09-30 06:31:02,1990-09-30 06:31:02,Completed
165,7,1997-09-30 08:44:40,1997-09-30 08:44:40,InProgress
166,3,2014-02-18 05:17:31,2014-02-18 05:17:31,Completed
167,8,2003-07-20 02:40:22,2003-07-20 02:40:22,Cancelled
168,10,2012-10-09 02:30:13,2012-10-09 02:30:13,Cancelled
169,8,1971-09-08 05:11:32,1971-09-08 05:11:32,Cancelled
170,10,1995-12-22 22:01:37,1995-12-22 22:01:37,Cancelled
171,1,2000-06-03 11:01:52,2000-06-03 11:01:52,Cancelled
172,6,1997-10-01 20:23:20,1997-10-01 20:23:20,Cancelled
173,9,2006-03-03 15:41:34,2006-03-03 15:41:34,Completed
174,5,1983-07-01 04:40:54,1983-07-01 04:40:54,InProgress
175,4,1995-08-04 17:07:11,1995-08-04 17:07:11,Cancelled
176,8,1993-05-09 00:52:51,1993-05-09 00:52:51,Cancelled
177,1,1978-08-22 13:44:21,1978-08-22 13:44:21,Cancelled
178,10,2017-01-13 17:06:07,2017-01-13 17:06:07,Cancelled
179,4,1975-12-30 19:37:52,1975-12-30 19:37:52,Completed
180,9,1995-11-29 20:22:31,1995-11-29 20:22:31,Completed
181,3,1999-04-16 21:38:05,1999-04-16 21:38:05,InProgress
182,7,1980-12-13 20:21:15,1980-12-13 20:21:15,Cancelled
183,1,2018-11-14 07:37:53,2018-11-14 07:37:53,InProgress
184,9,1992-11-22 00:25:59,1992-11-22 00:25:59,Cancelled
185,4,2010-11-07 12:21:00,2010-11-07 12:21:00,Completed
186,4,1992-02-15 08:01:24,1992-02-15 08:01:24,Cancelled
187,2,1979-12-21 15:32:28,1979-12-21 15:32:28,InProgress
188,3,2015-08-07 04:12:15,2015-08-07 04:12:15,Completed
189,7,2015-06-14 23:30:43,2015-06-14 23:30:43,InProgress
190,5,2011-10-24 15:08:08,2011-10-24 15:08:08,Cancelled
191,9,1989-09-28 08:45:07,1989-09-28 08:45:07,Completed
192,8,2019-10-23 08:16:53,2019-10-23 08:16:53,Completed
193,10,2007-07-23 16:22:57,2007-07-23 16:22:57,Completed
194,1,2005-03-19 00:48:14,2005-03-19 00:48:14,Cancelled
195,5,1988-05-12 21:44:01,1988-05-12 21:44:01,InProgress
196,8,1983-08-13 22:04:14,1983-08-13 22:04:14,InProgress
197,3,1983-12-24 00:49:05,1983-12-24 00:49:05,Cancelled
198,10,1990-08-07 01:35:45,1990-08-07 01:35:45,Completed
199,4,1995-01-03 04:25:33,1995-01-03 04:25:33,InProgress
200,3,1974-03-27 01:06:38,1974-03-27 01:06:38,InProgress
201,7,1983-02-28 00:32:37,1983-02-28 00:32:37,InProgress
202,1,1984-11-09 04:49:24,1984-11-09 04:49:24,InProgress
203,7,1983-07-17 21:55:38,1983-07-17 21:55:38,InProgress
204,9,1993-02-03 18:17:41,1993-02-03 18:17:41,InProgress
205,5,2010-04-01 23:35:03,2010-04-01 23:35:03,Completed
206,5,1981-05-30 02:57:13,1981-05-30 02:57:13,InProgress
207,5,1984-10-06 17:57:46,1984-10-06 17:57:46,Cancelled
208,5,1980-03-12 18:22:58,1980-03-12 18:22:58,Completed
209,8,1979-07-06 01:06:01,1979-07-06 01:06:01,InProgress
210,5,2017-01-29 06:49:49,2017-01-29 06:49:49,Completed
211,7,1999-08-23 07:02:05,1999-08-23 07:02:05,Completed
212,5,2003-12-23 08:27:20,2003-12-23 08:27:20,Completed
213,10,2007-05-23 16:12:39,2007-05-23 16:12:39,Completed
214,5,2006-09-04 07:49:28,2006-09-04 07:49:28,Cancelled
215,4,2018-11-21 08:38:47,2018-11-21 08:38:47,Completed
216,5,2016-08-26 19:14:51,2016-08-26 19:14:51,Completed
217,6,1985-11-05 15:54:00,1985-11-05 15:54:00,Completed
218,2,1989-09-01 05:28:41,1989-09-01 05:28:41,Cancelled
219,7,1995-10-08 10:48:05,1995-10-08 10:48:05,Cancelled
220,2,1970-10-27 15:03:56,1970-10-27 15:03:56,Cancelled
221,10,1979-03-19 03:33:43,1979-03-19 03:33:43,Completed
222,10,2011-09-12 00:31:10,2011-09-12 00:31:10,Completed
223,1,1976-05-16 20:54:39,1976-05-16 20:54:39,Completed
224,3,2016-01-09 13:07:59,2016-01-09 13:07:59,Cancelled
225,7,2013-07-21 15:28:54,2013-07-21 15:28:54,Cancelled
226,1,1999-07-13 14:15:45,1999-07-13 14:15:45,Cancelled
227,9,1985-02-26 19:34:34,1985-02-26 19:34:34,Completed
228,9,1989-07-11 04:37:29,1989-07-11 04:37:29,Cancelled
229,8,2006-08-13 05:17:30,2006-08-13 05:17:30,InProgress
230,6,2004-03-09 07:55:25,2004-03-09 07:55:25,InProgress
231,10,1987-10-16 18:58:52,1987-10-16 18:58:52,Completed
232,9,1987-07-02 03:20:20,1987-07-02 03:20:20,Completed
233,1,1998-04-16 05:28:31,1998-04-16 05:28:31,Completed
234,10,2019-05-10 08:36:46,2019-05-10 08:36:46,Cancelled
235,10,2004-01-18 23:07:19,2004-01-18 23:07:19,InProgress
236,8,2017-01-27 05:50:43,2017-01-27 05:50:43,InProgress
237,5,2003-12-27 13:37:05,2003-12-27 13:37:05,InProgress
238,9,2006-11-25 23:48:57,2006-11-25 23:48:57,Completed
239,8,1989-03-22 07:13:03,1989-03-22 07:13:03,InProgress
240,7,1998-11-01 21:59:57,1998-11-01 21:59:57,Cancelled
241,6,2016-03-23 14:09:58,2016-03-23 14:09:58,InProgress
242,4,1995-09-19 19:01:12,1995-09-19 19:01:12,Cancelled
243,6,2007-09-20 10:04:51,2007-09-20 10:04:51,InProgress
244,8,2002-06-22 20:38:31,2002-06-22 20:38:31,Completed
245,4,1977-09-01 07:43:58,1977-09-01 07:43:58,InProgress
246,10,1986-05-12 15:23:35,1986-05-12 15:23:35,InProgress
247,9,1974-09-05 18:57:30,1974-09-05 18:57:30,Completed
248,1,1994-06-13 11:06:08,1994-06-13 11:06:08,InProgress
249,5,1973-05-29 05:29:49,1973-05-29 05:29:49,InProgress
250,1,1994-06-14 05:12:45,1994-06-14 05:12:45,Cancelled
251,7,1991-03-31 20:11:28,1991-03-31 20:11:28,Cancelled
252,9,2013-01-06 16:27:14,2013-01-06 16:27:14,Completed
253,7,1972-05-31 21:38:23,1972-05-31 21:38:23,Completed
254,3,2001-11-02 00:21:33,2001-11-02 00:21:33,InProgress
255,8,1973-03-22 13:17:32,1973-03-22 13:17:32,InProgress
256,9,2000-11-27 04:45:50,2000-11-27 04:45:50,Cancelled
257,5,2015-02-22 19:08:03,2015-02-22 19:08:03,Cancelled
258,1,1986-11-08 11:38:15,1986-11-08 11:38:15,Cancelled
259,9,1985-03-12 01:06:09,1985-03-12 01:06:09,InProgress
260,7,2000-09-19 22:00:02,2000-09-19 22:00:02,Completed
261,9,2000-06-11 21:39:58,2000-06-11 21:39:58,InProgress
262,5,2014-11-03 21:15:22,2014-11-03 21:15:22,Cancelled
263,4,1972-09-18 19:54:16,1972-09-18 19:54:16,Cancelled
264,6,1985-09-15 03:17:24,1985-09-15 03:17:24,InProgress
265,5,1983-06-03 20:53:11,1983-06-03 20:53:11,Completed
266,8,1980-08-01 09:12:52,1980-08-01 09:12:52,Cancelled
267,10,2000-03-03 20:36:14,2000-03-03 20:36:14,Completed
268,10,1971-07-28 05:34:14,1971-07-28 05:34:14,Completed
269,4,2010-12-06 08:15:04,2010-12-06 08:15:04,InProgress
270,4,2018-12-02 00:39:45,2018-12-02 00:39:45,InProgress
271,5,2000-03-08 02:45:35,2000-03-08 02:45:35,InProgress
272,5,1987-05-05 05:07:34,1987-05-05 05:07:34,Completed
273,8,1998-06-21 11:55:41,1998-06-21 11:55:41,Cancelled
274,8,1987-04-12 08:46:07,1987-04-12 08:46:07,InProgress
275,1,1992-10-11 14:36:43,1992-10-11 14:36:43,Cancelled
276,3,1974-01-29 17:42:36,1974-01-29 17:42:36,Completed
277,8,1972-07-17 23:14:17,1972-07-17 23:14:17,InProgress
278,1,1995-11-24 00:15:12,1995-11-24 00:15:12,Cancelled
279,6,2007-10-04 19:20:25,2007-10-04 19:20:25,Completed
280,4,2003-06-20 16:15:38,2003-06-20 16:15:38,Completed
281,10,2017-04-27 03:04:11,2017-04-27 03:04:11,InProgress
282,2,1984-03-14 11:46:05,1984-03-14 11:46:05,Cancelled
283,9,1976-08-30 04:12:23,1976-08-30 04:12:23,InProgress
284,9,2007-05-23 07:15:04,2007-05-23 07:15:04,InProgress
285,3,1987-06-25 12:13:28,1987-06-25 12:13:28,InProgress
286,1,1971-12-12 10:46:28,1971-12-12 10:46:28,Cancelled
287,5,2002-04-24 03:06:41,2002-04-24 03:06:41,Cancelled
288,7,1991-02-02 04:44:22,1991-02-02 04:44:22,Cancelled
289,7,1991-11-29 15:15:15,1991-11-29 15:15:15,Cancelled
290,7,1979-10-02 13:56:16,1979-10-02 13:56:16,Completed
291,4,1995-01-02 23:34:18,1995-01-02 23:34:18,Completed
292,6,2011-07-29 16:51:00,2011-07-29 16:51:00,Completed
293,1,1987-01-08 07:07:30,1987-01-08 07:07:30,Completed
294,4,2020-09-08 09:24:33,2020-09-08 09:24:33,Completed
295,5,1997-03-08 17:29:46,1997-03-08 17:29:46,Cancelled
296,8,2017-10-24 19:57:00,2017-10-24 19:57:00,Cancelled
297,6,2006-04-07 17:21:18,2006-04-07 17:21:18,Completed
298,5,1994-04-28 23:05:50,1994-04-28 23:05:50,Cancelled
299,5,1977-08-17 13:56:29,1977-08-17 13:56:29,Completed
300,8,2016-07-01 10:09:34,2016-07-01 10:09:34,Completed
301,10,1995-11-06 12:46:11,1995-11-06 12:46:11,Completed
302,4,1982-08-01 16:04:01,1982-08-01 16:04:01,Completed
303,2,2010-09-01 01:10:13,2010-09-01 01:10:13,Completed
304,8,1979-06-12 18:02:24,1979-06-12 18:02:24,Cancelled
305,4,2012-03-08 08:14:59,2012-03-08 08:14:59,Completed
306,5,1988-01-04 20:51:30,1988-01-04 20:51:30,InProgress
307,5,1979-02-15 03:52:08,1979-02-15 03:52:08,Completed
308,7,1983-06-29 04:36:18,1983-06-29 04:36:18,InProgress
309,5,2000-12-25 02:09:16,2000-12-25 02:09:16,InProgress
310,10,1973-04-07 17:06:50,1973-04-07 17:06:50,Cancelled
311,9,1970-05-20 06:48:48,1970-05-20 06:48:48,InProgress
312,7,2015-10-19 11:25:46,2015-10-19 11:25:46,InProgress
313,5,1993-04-20 02:18:45,1993-04-20 02:18:45,Cancelled
314,7,2004-12-08 13:43:11,2004-12-08 13:43:11,Cancelled
315,6,1975-09-06 19:13:38,1975-09-06 19:13:38,Cancelled
316,2,1976-09-07 00:10:33,1976-09-07 00:10:33,InProgress
317,9,2004-02-17 11:58:54,2004-02-17 11:58:54,InProgress
318,1,1986-09-07 15:33:56,1986-09-07 15:33:56,InProgress
319,10,1993-06-09 14:42:42,1993-06-09 14:42:42,InProgress
320,10,2006-04-23 01:17:13,2006-04-23 01:17:13,Completed
321,3,1975-07-02 05:43:17,1975-07-02 05:43:17,InProgress
322,9,1981-02-04 04:49:28,1981-02-04 04:49:28,Cancelled
323,6,2008-12-01 05:28:51,2008-12-01 05:28:51,Completed
324,6,2016-10-29 22:15:50,2016-10-29 22:15:50,Cancelled
325,1,1982-10-21 09:59:27,1982-10-21 09:59:27,Completed
326,4,2002-03-20 19:04:35,2002-03-20 19:04:35,Cancelled
327,9,2008-06-27 13:07:32,2008-06-27 13:07:32,Completed
328,3,2003-02-08 04:18:35,2003-02-08 04:18:35,InProgress
329,10,1986-02-20 13:15:50,1986-02-20 13:15:50,InProgress
330,10,1976-04-21 13:23:42,1976-04-21 13:23:42,InProgress
331,6,1983-03-24 04:14:14,1983-03-24 04:14:14,Cancelled
332,8,1985-09-03 23:25:25,1985-09-03 23:25:25,InProgress
333,2,2016-02-06 15:10:27,2016-02-06 15:10:27,Cancelled
334,4,2012-02-02 06:33:27,2012-02-02 06:33:27,InProgress
335,6,1981-10-31 00:54:11,1981-10-31 00:54:11,Completed
336,1,1977-01-24 01:58:24,1977-01-24 01:58:24,Completed
337,3,1975-11-18 02:07:16,1975-11-18 02:07:16,Cancelled
338,9,1982-09-14 22:43:22,1982-09-14 22:43:22,InProgress
339,9,1996-07-19 12:32:46,1996-07-19 12:32:46,Cancelled
340,5,2019-05-24 03:17:51,2019-05-24 03:17:51,InProgress
341,5,1974-01-31 11:04:47,1974-01-31 11:04:47,InProgress
342,3,1990-08-24 04:04:12,1990-08-24 04:04:12,InProgress
343,9,2017-09-14 21:22:26,2017-09-14 21:22:26,InProgress
344,7,1977-10-30 09:07:10,1977-10-30 09:07:10,Cancelled
345,5,2014-11-19 02:02:31,2014-11-19 02:02:31,Completed
346,3,1980-04-09 20:29:38,1980-04-09 20:29:38,Completed
347,6,2000-10-04 15:00:59,2000-10-04 15:00:59,Completed
348,10,1993-04-05 01:15:36,1993-04-05 01:15:36,Cancelled
349,3,1989-11-09 16:45:16,1989-11-09 16:45:16,Cancelled
350,1,1988-06-15 19:04:57,1988-06-15 19:04:57,Completed
351,7,1971-01-02 19:32:51,1971-01-02 19:32:51,Completed
352,9,1996-10-09 00:58:37,1996-10-09 00:58:37,Cancelled
353,7,2012-05-25 14:58:37,2012-05-25 14:58:37,Cancelled
354,6,1988-02-16 20:35:32,1988-02-16 20:35:32,Completed
355,7,1972-07-16 00:05:01,1972-07-16 00:05:01,Cancelled
356,2,1977-11-26 19:48:43,1977-11-26 19:48:43,InProgress
357,6,2021-03-08 18:57:18,2021-03-08 18:57:18,Cancelled
358,10,1992-01-07 13:32:08,1992-01-07 13:32:08,Cancelled
359,9,1989-04-20 11:03:06,1989-04-20 11:03:06,InProgress
360,10,1976-04-10 02:44:39,1976-04-10 02:44:39,InProgress
361,6,2016-03-23 08:53:08,2016-03-23 08:53:08,Cancelled
362,9,1972-06-03 11:43:23,1972-06-03 11:43:23,Completed
363,1,2021-04-07 19:50:04,2021-04-07 19:50:04,Completed
364,9,2017-11-17 02:59:49,2017-11-17 02:59:49,InProgress
365,2,1983-05-11 17:20:50,1983-05-11 17:20:50,InProgress
366,7,1981-05-01 10:58:04,1981-05-01 10:58:04,InProgress
367,4,1972-05-25 21:27:41,1972-05-25 21:27:41,InProgress
368,1,2002-01-13 14:14:48,2002-01-13 14:14:48,Completed
369,2,2020-11-06 21:18:26,2020-11-06 21:18:26,Completed
370,6,2017-06-08 06:15:41,2017-06-08 06:15:41,Completed
371,7,2012-06-18 07:33:25,2012-06-18 07:33:25,Cancelled
372,9,1995-01-17 21:19:17,1995-01-17 21:19:17,Completed
373,9,2001-12-21 21:41:41,2001-12-21 21:41:41,Completed
374,2,2012-05-06 12:45:18,2012-05-06 12:45:18,Cancelled
375,10,1984-04-07 01:54:16,1984-04-07 01:54:16,InProgress
376,2,2001-07-28 13:59:01,2001-07-28 13:59:01,Completed
377,5,1983-10-28 18:11:32,1983-10-28 18:11:32,InProgress
378,3,1993-06-10 19:44:08,1993-06-10 19:44:08,Completed
379,9,1996-08-29 20:21:29,1996-08-29 20:21:29,Cancelled
380,1,1976-07-24 09:24:06,1976-07-24 09:24:06,Cancelled
381,10,1991-11-13 00:31:55,1991-11-13 00:31:55,Completed
382,2,1999-06-14 20:04:10,1999-06-14 20:04:10,InProgress
383,6,1996-09-11 06:43:14,1996-09-11 06:43:14,Cancelled
384,3,2017-02-01 16:19:56,2017-02-01 16:19:56,Cancelled
385,8,1998-09-19 23:40:07,1998-09-19 23:40:07,Cancelled
386,8,1972-04-24 09:57:01,1972-04-24 09:57:01,Cancelled
387,8,1991-01-29 05:06:59,1991-01-29 05:06:59,InProgress
388,6,2010-01-23 23:01:14,2010-01-23 23:01:14,InProgress
389,9,2004-03-22 04:59:23,2004-03-22 04:59:23,Cancelled
390,1,1986-02-10 17:00:37,1986-02-10 17:00:37,Completed
391,5,1984-12-14 17:23:27,1984-12-14 17:23:27,Completed
392,4,1998-10-17 14:04:12,1998-10-17 14:04:12,Cancelled
393,6,1992-02-20 06:19:09,1992-02-20 06:19:09,InProgress
394,1,2018-03-17 06:40:02,2018-03-17 06:40:02,Cancelled
395,6,1983-01-21 12:23:58,1983-01-21 12:23:58,Cancelled
396,10,1972-11-26 21:16:43,1972-11-26 21:16:43,Cancelled
397,10,1989-01-29 18:04:37,1989-01-29 18:04:37,Cancelled
398,6,2000-04-16 16:36:35,2000-04-16 16:36:35,InProgress
399,2,1982-08-11 11:51:59,1982-08-11 11:51:59,Cancelled
400,7,2000-08-21 16:00:38,2000-08-21 16:00:38,Cancelled
401,9,1978-12-12 10:31:33,1978-12-12 10:31:33,InProgress
402,10,1992-07-27 10:51:06,1992-07-27 10:51:06,InProgress
403,10,1996-05-12 00:36:52,1996-05-12 00:36:52,Completed
404,8,2008-02-01 13:10:18,2008-02-01 13:10:18,Cancelled
405,10,2018-12-08 12:00:22,2018-12-08 12:00:22,Completed
406,8,1990-03-16 20:50:24,1990-03-16 20:50:24,Cancelled
407,8,1997-09-08 13:19:59,1997-09-08 13:19:59,Cancelled
408,3,1983-12-28 11:56:55,1983-12-28 11:56:55,Cancelled
409,4,2007-02-26 21:44:52,2007-02-26 21:44:52,Completed
410,9,1977-10-16 01:54:49,1977-10-16 01:54:49,InProgress
411,2,2019-12-13 23:13:20,2019-12-13 23:13:20,InProgress
412,5,2006-08-07 17:29:57,2006-08-07 17:29:57,Completed
413,7,2014-11-05 23:42:31,2014-11-05 23:42:31,InProgress
414,10,1977-11-21 12:29:59,1977-11-21 12:29:59,Cancelled
415,10,2014-03-12 05:57:50,2014-03-12 05:57:50,Completed
416,9,2008-08-03 14:18:34,2008-08-03 14:18:34,Cancelled
417,8,1975-12-04 15:28:55,1975-12-04 15:28:55,Cancelled
418,6,2021-08-17 00:05:19,2021-08-17 00:05:19,Cancelled
419,3,2006-03-04 10:39:13,2006-03-04 10:39:13,Cancelled
420,10,2016-03-21 20:03:17,2016-03-21 20:03:17,Cancelled
421,8,2021-06-22 13:48:36,2021-06-22 13:48:36,Completed
422,6,1987-02-20 11:50:17,1987-02-20 11:50:17,Cancelled
423,2,1976-01-31 05:38:14,1976-01-31 05:38:14,Cancelled
424,6,2015-12-29 16:19:12,2015-12-29 16:19:12,Cancelled
425,7,1991-03-28 04:59:02,1991-03-28 04:59:02,InProgress
426,10,1972-08-16 19:39:13,1972-08-16 19:39:13,InProgress
427,6,1970-05-24 23:05:16,1970-05-24 23:05:16,InProgress
428,9,1992-09-14 14:19:25,1992-09-14 14:19:25,Completed
429,2,1975-03-31 06:39:29,1975-03-31 06:39:29,Completed
430,9,2008-04-17 05:47:20,2008-04-17 05:47:20,Cancelled
431,2,2001-05-31 01:43:03,2001-05-31 01:43:03,Cancelled
432,2,2008-03-12 23:17:58,2008-03-12 23:17:58,Cancelled
433,3,1990-06-27 14:06:18,1990-06-27 14:06:18,Cancelled
434,10,2020-07-08 01:23:13,2020-07-08 01:23:13,InProgress
435,10,2001-06-12 11:14:22,2001-06-12 11:14:22,InProgress
436,5,1999-01-29 06:28:01,1999-01-29 06:28:01,Completed
437,9,2017-06-18 00:21:46,2017-06-18 00:21:46,Completed
438,8,1975-06-27 17:06:33,1975-06-27 17:06:33,Cancelled
439,8,1977-05-16 23:46:15,1977-05-16 23:46:15,Cancelled
440,1,2021-04-07 15:40:39,2021-04-07 15:40:39,Completed
441,8,2004-05-10 02:21:00,2004-05-10 02:21:00,InProgress
442,2,1988-01-29 19:24:56,1988-01-29 19:24:56,InProgress
443,7,2008-08-22 16:54:28,2008-08-22 16:54:28,Cancelled
444,4,2009-07-25 21:59:19,2009-07-25 21:59:19,InProgress
445,9,2019-04-15 14:07:24,2019-04-15 14:07:24,Completed
446,7,2009-09-09 04:01:11,2009-09-09 04:01:11,InProgress
447,5,2003-02-11 05:08:53,2003-02-11 05:08:53,Completed
448,10,1973-09-13 09:47:14,1973-09-13 09:47:14,InProgress
449,4,2000-10-08 06:13:40,2000-10-08 06:13:40,InProgress
450,5,1980-07-04 20:51:35,1980-07-04 20:51:35,Completed
451,8,1984-08-25 14:22:42,1984-08-25 14:22:42,Cancelled
452,2,2010-09-29 16:36:52,2010-09-29 16:36:52,Completed
453,1,1975-09-26 00:26:16,1975-09-26 00:26:16,InProgress
454,9,2010-04-10 17:09:35,2010-04-10 17:09:35,Cancelled
455,10,2020-06-12 11:22:13,2020-06-12 11:22:13,Cancelled
456,9,2006-09-07 23:53:38,2006-09-07 23:53:38,Completed
457,7,2015-10-22 04:18:16,2015-10-22 04:18:16,Completed
458,10,1987-10-10 10:46:32,1987-10-10 10:46:32,Cancelled
459,6,2006-09-14 03:55:28,2006-09-14 03:55:28,Completed
460,8,1982-11-04 04:40:24,1982-11-04 04:40:24,Cancelled
461,5,2011-04-10 15:39:33,2011-04-10 15:39:33,Cancelled
462,5,1979-12-03 17:39:45,1979-12-03 17:39:45,Completed
463,3,2011-11-14 04:17:29,2011-11-14 04:17:29,Cancelled
464,8,1979-02-06 08:46:28,1979-02-06 08:46:28,InProgress
465,8,1998-02-20 17:41:35,1998-02-20 17:41:35,InProgress
466,1,2010-10-11 21:55:52,2010-10-11 21:55:52,InProgress
467,4,2016-06-30 05:39:03,2016-06-30 05:39:03,Cancelled
468,8,1972-02-19 05:01:35,1972-02-19 05:01:35,Cancelled
469,7,2015-11-03 07:49:22,2015-11-03 07:49:22,Cancelled
470,3,1977-02-21 14:26:34,1977-02-21 14:26:34,Cancelled
471,3,2015-04-01 04:39:19,2015-04-01 04:39:19,Completed
472,2,2007-10-24 15:48:54,2007-10-24 15:48:54,Completed
473,10,1980-02-06 01:55:35,1980-02-06 01:55:35,InProgress
474,5,1995-05-27 08:28:45,1995-05-27 08:28:45,Completed
475,1,1988-03-09 12:27:41,1988-03-09 12:27:41,Completed
476,2,2011-04-26 00:01:50,2011-04-26 00:01:50,InProgress
477,10,2004-05-04 05:19:20,2004-05-04 05:19:20,Completed
478,6,2000-01-11 04:11:19,2000-01-11 04:11:19,InProgress
479,2,1981-09-18 20:39:58,1981-09-18 20:39:58,InProgress
480,7,2018-05-23 02:24:14,2018-05-23 02:24:14,Cancelled
481,9,2004-07-22 22:50:10,2004-07-22 22:50:10,InProgress
482,2,2021-07-12 19:26:59,2021-07-12 19:26:59,Cancelled
483,5,1979-02-23 08:51:29,1979-02-23 08:51:29,Completed
484,1,1983-06-27 18:18:33,1983-06-27 18:18:33,InProgress
485,3,1984-02-24 10:29:16,1984-02-24 10:29:16,InProgress
486,6,2003-10-26 18:54:19,2003-10-26 18:54:19,Cancelled
487,5,1978-09-12 01:24:13,1978-09-12 01:24:13,Cancelled
488,4,1971-06-13 01:09:13,1971-06-13 01:09:13,Cancelled
489,6,2001-05-24 01:38:26,2001-05-24 01:38:26,InProgress
490,10,1999-10-07 18:39:26,1999-10-07 18:39:26,Completed
491,6,2014-03-23 14:22:33,2014-03-23 14:22:33,InProgress
492,8,2020-11-30 22:11:58,2020-11-30 22:11:58,Cancelled
493,4,1978-09-12 18:27:43,1978-09-12 18:27:43,InProgress
494,7,2018-05-07 01:44:33,2018-05-07 01:44:33,Completed
495,4,1972-04-15 11:23:56,1972-04-15 11:23:56,Completed
496,5,2020-04-07 18:26:19,2020-04-07 18:26:19,InProgress
497,8,2014-12-09 19:23:51,2014-12-09 19:23:51,Completed
498,1,1971-02-10 10:25:31,1971-02-10 10:25:31,Cancelled
499,5,1986-01-24 13:36:01,1986-01-24 13:36:01,Cancelled
500,3,2010-06-26 23:31:09,2010-06-26 23:31:09,Completed
501,8,1977-12-01 05:36:18,1977-12-01 05:36:18,InProgress
502,4,1975-10-10 13:57:38,1975-10-10 13:57:38,InProgress
503,5,2001-03-26 07:43:25,2001-03-26 07:43:25,InProgress
504,6,1999-02-16 10:27:51,1999-02-16 10:27:51,Cancelled
505,6,2016-03-24 10:31:36,2016-03-24 10:31:36,Completed
506,5,2019-04-06 17:32:25,2019-04-06 17:32:25,Completed
507,9,1971-07-05 05:07:44,1971-07-05 05:07:44,Cancelled
508,6,1987-06-25 11:40:00,1987-06-25 11:40:00,Cancelled
509,6,1987-06-30 20:16:47,1987-06-30 20:16:47,InProgress
510,8,1988-10-03 22:00:06,1988-10-03 22:00:06,Completed
511,4,1981-05-07 17:37:06,1981-05-07 17:37:06,Cancelled
512,10,1994-10-09 09:21:58,1994-10-09 09:21:58,Completed
513,9,2018-11-25 03:43:09,2018-11-25 03:43:09,Cancelled
514,9,2001-04-27 19:52:27,2001-04-27 19:52:27,Completed
515,8,1985-09-11 20:10:56,1985-09-11 20:10:56,Completed
516,6,1999-02-13 09:56:57,1999-02-13 09:56:57,Completed
517,2,1972-10-18 04:43:26,1972-10-18 04:43:26,InProgress
518,9,1997-10-31 16:07:14,1997-10-31 16:07:14,InProgress
519,9,2020-09-26 14:49:33,2020-09-26 14:49:33,InProgress
520,9,1998-06-20 18:40:05,1998-06-20 18:40:05,Completed
521,3,1990-05-03 13:52:29,1990-05-03 13:52:29,InProgress
522,2,1976-07-06 22:06:59,1976-07-06 22:06:59,InProgress
523,6,1992-06-12 17:02:22,1992-06-12 17:02:22,Cancelled
524,1,1975-03-14 10:23:39,1975-03-14 10:23:39,Completed
525,10,2006-06-19 08:50:48,2006-06-19 08:50:48,Completed
526,3,1985-11-14 12:02:35,1985-11-14 12:02:35,Cancelled
527,4,1982-01-29 14:44:10,1982-01-29 14:44:10,Completed
528,1,2006-11-07 20:22:45,2006-11-07 20:22:45,InProgress
529,7,2020-12-10 02:39:33,2020-12-10 02:39:33,InProgress
530,6,2001-10-14 06:04:07,2001-10-14 06:04:07,Cancelled
531,8,1994-09-28 01:47:39,1994-09-28 01:47:39,Cancelled
532,4,1984-03-29 10:24:14,1984-03-29 10:24:14,Cancelled
533,7,2000-01-15 09:06:46,2000-01-15 09:06:46,InProgress
534,4,1986-06-27 20:35:01,1986-06-27 20:35:01,InProgress
535,8,1988-12-23 00:42:00,1988-12-23 00:42:00,InProgress
536,7,1999-06-06 19:32:19,1999-06-06 19:32:19,Completed
537,3,2018-08-29 04:48:55,2018-08-29 04:48:55,Completed
538,6,2000-01-31 12:55:37,2000-01-31 12:55:37,Completed
539,5,2020-02-18 08:16:38,2020-02-18 08:16:38,Completed
540,7,1971-10-29 17:48:05,1971-10-29 17:48:05,Completed
541,4,1991-10-31 17:24:27,1991-10-31 17:24:27,Completed
542,9,2009-03-03 14:08:51,2009-03-03 14:08:51,Cancelled
543,3,2021-02-23 03:52:22,2021-02-23 03:52:22,InProgress
544,5,1978-10-01 16:44:44,1978-10-01 16:44:44,Cancelled
545,6,2006-01-04 14:54:54,2006-01-04 14:54:54,InProgress
546,8,2014-11-07 00:33:23,2014-11-07 00:33:23,Cancelled
547,1,2003-08-21 09:45:04,2003-08-21 09:45:04,Cancelled
548,10,2001-09-08 05:48:16,2001-09-08 05:48:16,Cancelled
549,10,1993-12-22 19:05:11,1993-12-22 19:05:11,Cancelled
550,2,2001-04-10 05:17:13,2001-04-10 05:17:13,Cancelled
551,9,1992-11-15 15:22:29,1992-11-15 15:22:29,Completed
552,3,1979-08-13 03:50:57,1979-08-13 03:50:57,Cancelled
553,3,1987-01-23 12:13:03,1987-01-23 12:13:03,Cancelled
554,2,1990-09-06 10:36:52,1990-09-06 10:36:52,InProgress
555,4,1970-04-09 02:22:30,1970-04-09 02:22:30,Cancelled
556,3,1993-07-15 12:18:40,1993-07-15 12:18:40,Cancelled
557,8,1970-06-22 13:57:32,1970-06-22 13:57:32,InProgress
558,7,2003-10-07 09:05:58,2003-10-07 09:05:58,InProgress
559,6,2020-07-30 08:17:27,2020-07-30 08:17:27,Completed
560,5,1999-06-17 19:26:08,1999-06-17 19:26:08,Completed
561,4,2002-05-18 04:11:20,2002-05-18 04:11:20,Completed
562,10,1975-03-01 03:55:23,1975-03-01 03:55:23,Cancelled
563,7,1975-01-06 21:06:19,1975-01-06 21:06:19,Cancelled
564,1,2009-09-20 18:59:58,2009-09-20 18:59:58,InProgress
565,1,1973-01-13 18:38:01,1973-01-13 18:38:01,Completed
566,10,1989-04-16 06:26:06,1989-04-16 06:26:06,InProgress
567,8,2005-02-05 11:24:20,2005-02-05 11:24:20,Cancelled
568,3,1987-01-27 08:27:46,1987-01-27 08:27:46,Completed
569,4,1990-11-02 07:20:51,1990-11-02 07:20:51,Completed
570,8,2010-04-30 02:19:44,2010-04-30 02:19:44,Completed
571,10,1995-07-13 12:04:35,1995-07-13 12:04:35,Completed
572,3,2001-02-21 07:53:08,2001-02-21 07:53:08,Completed
573,9,1982-12-14 22:44:09,1982-12-14 22:44:09,Completed
574,1,1993-08-08 14:32:46,1993-08-08 14:32:46,InProgress
575,6,1970-12-21 22:50:07,1970-12-21 22:50:07,InProgress
576,6,1998-08-28 22:09:09,1998-08-28 22:09:09,Completed
577,10,2004-04-09 19:44:38,2004-04-09 19:44:38,Completed
578,5,1975-02-10 23:53:33,1975-02-10 23:53:33,Cancelled
579,8,1973-10-09 20:11:07,1973-10-09 20:11:07,Cancelled
580,9,1991-04-13 19:11:40,1991-04-13 19:11:40,Cancelled
581,4,1979-10-05 14:45:05,1979-10-05 14:45:05,Cancelled
582,3,1988-10-02 17:04:32,1988-10-02 17:04:32,InProgress
583,5,2012-06-07 15:57:41,2012-06-07 15:57:41,InProgress
584,10,1981-05-30 08:55:05,1981-05-30 08:55:05,InProgress
585,5,1996-05-24 12:01:43,1996-05-24 12:01:43,Cancelled
586,7,1999-01-20 07:45:25,1999-01-20 07:45:25,Cancelled
587,5,2014-01-20 16:32:22,2014-01-20 16:32:22,Completed
588,5,1991-05-05 10:12:40,1991-05-05 10:12:40,InProgress
589,6,2006-08-02 11:53:19,2006-08-02 11:53:19,InProgress
590,4,1993-07-16 17:56:41,1993-07-16 17:56:41,InProgress
591,3,1989-03-12 13:42:15,1989-03-12 13:42:15,Completed
592,10,1987-07-06 06:04:43,1987-07-06 06:04:43,InProgress
593,9,2019-12-05 06:56:43,2019-12-05 06:56:43,Cancelled
594,1,2009-05-09 20:10:22,2009-05-09 20:10:22,Completed
595,9,1970-07-14 02:38:34,1970-07-14 02:38:34,Completed
596,9,2021-01-24 09:48:23,2021-01-24 09:48:23,Completed
597,8,1988-09-18 21:25:25,1988-09-18 21:25:25,Completed
598,10,2003-11-11 15:50:19,2003-11-11 15:50:19,Completed
599,6,2008-03-06 18:16:06,2008-03-06 18:16:06,Cancelled
600,7,1974-10-20 18:29:40,1974-10-20 18:29:40,Completed
601,4,2008-12-18 20:29:03,2008-12-18 20:29:03,Cancelled
602,7,1997-03-28 10:47:54,1997-03-28 10:47:54,Completed
603,9,1987-06-04 16:55:49,1987-06-04 16:55:49,Completed
604,8,2003-10-05 17:54:36,2003-10-05 17:54:36,Completed
605,10,1997-11-26 14:16:29,1997-11-26 14:16:29,Completed
606,3,2012-10-30 21:23:26,2012-10-30 21:23:26,Completed
607,4,2007-08-14 12:57:48,2007-08-14 12:57:48,Cancelled
608,4,2010-07-27 03:51:46,2010-07-27 03:51:46,Completed
609,5,2003-10-31 00:25:35,2003-10-31 00:25:35,Cancelled
610,10,1970-05-06 13:15:41,1970-05-06 13:15:41,Completed
611,6,1977-01-11 11:33:21,1977-01-11 11:33:21,Cancelled
612,9,1989-07-14 02:02:28,1989-07-14 02:02:28,InProgress
613,4,2021-11-09 08:05:37,2021-11-09 08:05:37,Cancelled
614,8,1981-05-12 22:15:58,1981-05-12 22:15:58,Completed
615,10,1977-08-29 13:13:09,1977-08-29 13:13:09,InProgress
616,4,1982-05-19 22:31:51,1982-05-19 22:31:51,Completed
617,7,2010-12-07 03:46:42,2010-12-07 03:46:42,InProgress
618,10,2009-03-06 06:22:31,2009-03-06 06:22:31,Completed
619,3,1977-03-01 07:56:11,1977-03-01 07:56:11,InProgress
620,8,2004-03-03 09:06:34,2004-03-03 09:06:34,Completed
621,3,1980-01-30 23:28:37,1980-01-30 23:28:37,InProgress
622,8,2000-04-04 08:45:34,2000-04-04 08:45:34,Completed
623,4,1998-11-08 06:13:34,1998-11-08 06:13:34,Completed
624,7,1989-07-23 16:20:10,1989-07-23 16:20:10,Completed
625,10,2020-12-11 05:20:14,2020-12-11 05:20:14,Cancelled
626,2,2004-09-10 12:09:16,2004-09-10 12:09:16,Cancelled
627,9,1998-04-03 17:10:29,1998-04-03 17:10:29,Completed
628,10,1985-03-29 11:09:37,1985-03-29 11:09:37,Completed
629,2,2000-12-07 16:56:41,2000-12-07 16:56:41,Completed
630,6,1983-05-11 06:16:30,1983-05-11 06:16:30,InProgress
631,3,1982-03-02 20:54:20,1982-03-02 20:54:20,InProgress
632,3,2009-07-09 12:30:15,2009-07-09 12:30:15,Completed
633,8,2002-03-24 22:12:14,2002-03-24 22:12:14,InProgress
634,9,1985-03-03 00:05:39,1985-03-03 00:05:39,Completed
635,6,1986-09-05 04:05:58,1986-09-05 04:05:58,Completed
636,7,2020-08-15 11:49:30,2020-08-15 11:49:30,InProgress
637,10,2006-09-16 16:42:28,2006-09-16 16:42:28,Cancelled
638,2,1993-06-15 17:51:08,1993-06-15 17:51:08,InProgress
639,5,2013-07-01 18:20:35,2013-07-01 18:20:35,Completed
640,4,1995-06-20 00:53:28,1995-06-20 00:53:28,InProgress
641,1,2018-03-29 10:12:05,2018-03-29 10:12:05,Cancelled
642,5,1987-12-02 06:48:21,1987-12-02 06:48:21,Cancelled
643,9,1985-04-02 01:53:25,1985-04-02 01:53:25,InProgress
644,4,1991-03-28 19:39:48,1991-03-28 19:39:48,InProgress
645,3,2000-02-21 19:09:48,2000-02-21 19:09:48,Cancelled
646,6,2006-05-22 01:48:42,2006-05-22 01:48:42,InProgress
647,8,1997-02-28 22:32:04,1997-02-28 22:32:04,Cancelled
648,8,1992-06-12 04:55:35,1992-06-12 04:55:35,Completed
649,1,1987-10-22 17:01:58,1987-10-22 17:01:58,Cancelled
650,5,2002-09-15 19:16:04,2002-09-15 19:16:04,Completed
651,8,2011-08-28 08:54:57,2011-08-28 08:54:57,InProgress
652,1,1986-11-09 11:45:16,1986-11-09 11:45:16,Cancelled
653,10,1986-02-28 02:22:57,1986-02-28 02:22:57,Completed
654,10,1970-10-28 06:50:24,1970-10-28 06:50:24,Cancelled
655,8,1984-09-25 14:08:39,1984-09-25 14:08:39,InProgress
656,10,2008-06-12 08:52:47,2008-06-12 08:52:47,InProgress
657,3,1981-03-11 14:34:13,1981-03-11 14:34:13,Cancelled
658,1,2008-07-24 14:58:27,2008-07-24 14:58:27,InProgress
659,1,1976-03-13 16:13:00,1976-03-13 16:13:00,InProgress
660,9,1976-12-30 02:52:36,1976-12-30 02:52:36,Completed
661,10,1974-05-11 09:33:10,1974-05-11 09:33:10,Completed
662,9,2003-12-30 12:03:52,2003-12-30 12:03:52,InProgress
663,10,1997-07-16 17:44:34,1997-07-16 17:44:34,InProgress
664,1,1992-10-23 03:42:19,1992-10-23 03:42:19,Completed
665,1,1987-12-24 18:53:03,1987-12-24 18:53:03,InProgress
666,3,2001-05-13 10:57:38,2001-05-13 10:57:38,InProgress
667,10,2015-08-02 21:36:35,2015-08-02 21:36:35,Completed
668,3,2020-06-30 19:40:25,2020-06-30 19:40:25,Completed
669,6,1997-06-18 22:43:42,1997-06-18 22:43:42,Cancelled
670,9,1979-05-20 17:06:18,1979-05-20 17:06:18,Completed
671,6,2004-02-07 21:31:49,2004-02-07 21:31:49,Cancelled
672,3,1988-09-13 05:10:43,1988-09-13 05:10:43,Completed
673,6,2008-03-17 17:21:52,2008-03-17 17:21:52,Cancelled
674,3,1994-04-18 08:59:14,1994-04-18 08:59:14,Cancelled
675,2,2010-07-18 03:09:47,2010-07-18 03:09:47,Cancelled
676,5,1976-08-01 13:59:05,1976-08-01 13:59:05,InProgress
677,7,2003-03-25 11:10:13,2003-03-25 11:10:13,InProgress
678,1,1995-09-20 21:43:10,1995-09-20 21:43:10,InProgress
679,7,1997-06-01 21:32:02,1997-06-01 21:32:02,InProgress
680,10,1979-06-05 06:55:14,1979-06-05 06:55:14,InProgress
681,8,1999-03-09 08:45:50,1999-03-09 08:45:50,Cancelled
682,10,2013-12-30 00:48:02,2013-12-30 00:48:02,Completed
683,1,1997-04-13 00:50:25,1997-04-13 00:50:25,Cancelled
684,5,1992-04-09 01:07:14,1992-04-09 01:07:14,Cancelled
685,8,1978-01-21 05:45:59,1978-01-21 05:45:59,InProgress
686,8,1974-09-10 17:42:44,1974-09-10 17:42:44,InProgress
687,7,2019-04-11 17:58:40,2019-04-11 17:58:40,InProgress
688,4,2018-01-26 11:53:40,2018-01-26 11:53:40,InProgress
689,3,1987-07-03 12:39:24,1987-07-03 12:39:24,Cancelled
690,5,1985-03-31 18:45:14,1985-03-31 18:45:14,Completed
691,10,1996-12-03 11:52:28,1996-12-03 11:52:28,InProgress
692,7,1976-01-24 19:33:17,1976-01-24 19:33:17,Cancelled
693,3,1996-06-03 20:32:29,1996-06-03 20:32:29,Cancelled
694,2,1994-03-18 05:22:12,1994-03-18 05:22:12,InProgress
695,1,1978-06-11 12:52:24,1978-06-11 12:52:24,InProgress
696,10,2001-11-15 21:25:41,2001-11-15 21:25:41,Completed
697,7,2008-11-29 21:22:43,2008-11-29 21:22:43,Cancelled
698,7,2001-01-13 12:56:57,2001-01-13 12:56:57,Cancelled
699,10,2017-05-29 01:09:15,2017-05-29 01:09:15,InProgress
700,1,2016-12-20 20:56:38,2016-12-20 20:56:38,InProgress
701,8,1994-03-10 15:14:45,1994-03-10 15:14:45,Cancelled
702,9,2018-04-30 13:00:58,2018-04-30 13:00:58,Completed
703,4,1986-07-12 15:35:54,1986-07-12 15:35:54,Cancelled
704,1,1988-08-01 01:46:42,1988-08-01 01:46:42,Cancelled
705,8,1974-05-27 08:08:55,1974-05-27 08:08:55,Completed
706,4,1994-05-18 12:34:11,1994-05-18 12:34:11,Completed
707,8,1973-10-18 04:25:42,1973-10-18 04:25:42,InProgress
708,1,2019-09-12 14:44:25,2019-09-12 14:44:25,Completed
709,10,1978-01-24 14:54:49,1978-01-24 14:54:49,Completed
710,6,2018-08-10 07:14:16,2018-08-10 07:14:16,Cancelled
711,7,1974-10-28 15:15:55,1974-10-28 15:15:55,InProgress
712,4,1997-04-25 12:47:39,1997-04-25 12:47:39,Cancelled
713,2,1995-03-12 16:23:05,1995-03-12 16:23:05,Completed
714,10,1981-03-06 14:27:09,1981-03-06 14:27:09,Cancelled
715,2,1994-01-24 19:32:52,1994-01-24 19:32:52,Completed
716,9,1984-09-25 22:31:07,1984-09-25 22:31:07,Cancelled
717,3,1998-10-05 14:29:02,1998-10-05 14:29:02,Completed
718,5,1984-06-24 18:52:11,1984-06-24 18:52:11,Cancelled
719,5,2014-11-05 04:32:48,2014-11-05 04:32:48,Cancelled
720,3,1996-06-02 11:43:08,1996-06-02 11:43:08,Completed
721,5,1984-09-02 09:57:23,1984-09-02 09:57:23,Cancelled
722,5,2016-12-27 19:10:25,2016-12-27 19:10:25,Cancelled
723,6,2014-06-24 12:50:28,2014-06-24 12:50:28,InProgress
724,3,1993-03-22 13:52:44,1993-03-22 13:52:44,Completed
725,3,1997-03-05 17:19:27,1997-03-05 17:19:27,Completed
726,7,1979-10-20 08:43:37,1979-10-20 08:43:37,Completed
727,10,1981-08-02 15:19:20,1981-08-02 15:19:20,InProgress
728,5,1989-06-30 00:03:29,1989-06-30 00:03:29,Completed
729,3,2007-10-27 23:31:40,2007-10-27 23:31:40,InProgress
730,5,2001-11-11 23:36:22,2001-11-11 23:36:22,Cancelled
731,8,1985-05-02 02:58:46,1985-05-02 02:58:46,InProgress
732,8,2018-05-25 04:18:04,2018-05-25 04:18:04,Completed
733,7,2018-10-07 02:43:55,2018-10-07 02:43:55,InProgress
734,1,1993-09-05 07:06:44,1993-09-05 07:06:44,InProgress
735,1,1997-08-13 17:03:32,1997-08-13 17:03:32,Completed
736,4,1996-09-30 11:51:21,1996-09-30 11:51:21,Cancelled
737,3,1973-05-19 07:19:21,1973-05-19 07:19:21,Completed
738,4,1981-07-04 09:19:12,1981-07-04 09:19:12,Completed
739,10,1971-11-05 13:39:13,1971-11-05 13:39:13,Cancelled
740,4,1986-02-26 22:33:24,1986-02-26 22:33:24,InProgress
741,8,2020-07-20 21:15:51,2020-07-20 21:15:51,InProgress
742,3,1999-11-07 13:14:07,1999-11-07 13:14:07,Completed
743,10,1977-04-07 13:12:22,1977-04-07 13:12:22,Completed
744,10,2021-04-29 14:56:58,2021-04-29 14:56:58,InProgress
745,9,2009-10-23 16:42:00,2009-10-23 16:42:00,Completed
746,8,2010-04-22 11:34:46,2010-04-22 11:34:46,InProgress
747,2,1994-05-27 20:40:44,1994-05-27 20:40:44,Completed
748,1,1981-01-23 23:56:53,1981-01-23 23:56:53,Completed
749,2,2017-12-30 21:34:20,2017-12-30 21:34:20,InProgress
750,2,1980-05-13 20:36:53,1980-05-13 20:36:53,Cancelled
751,7,1982-08-09 10:29:32,1982-08-09 10:29:32,Completed
752,9,1984-12-26 07:53:58,1984-12-26 07:53:58,InProgress
753,3,2002-05-27 19:36:11,2002-05-27 19:36:11,Cancelled
754,8,1973-12-16 19:54:32,1973-12-16 19:54:32,Cancelled
755,7,1979-03-16 00:13:21,1979-03-16 00:13:21,InProgress
756,2,1986-12-26 11:42:40,1986-12-26 11:42:40,Completed
757,4,1975-11-18 18:39:08,1975-11-18 18:39:08,Completed
758,2,1975-10-10 07:28:53,1975-10-10 07:28:53,InProgress
759,2,1990-09-06 07:42:12,1990-09-06 07:42:12,Cancelled
760,5,2005-09-18 15:52:47,2005-09-18 15:52:47,Completed
761,6,2008-01-21 02:49:51,2008-01-21 02:49:51,InProgress
762,5,1983-03-01 22:28:54,1983-03-01 22:28:54,Completed
763,3,2013-02-10 23:42:59,2013-02-10 23:42:59,InProgress
764,7,2000-04-16 11:51:17,2000-04-16 11:51:17,InProgress
765,2,2006-04-25 03:35:38,2006-04-25 03:35:38,Completed
766,5,1994-01-22 12:19:19,1994-01-22 12:19:19,Cancelled
767,7,2007-04-22 04:49:18,2007-04-22 04:49:18,Completed
768,3,2016-01-07 18:42:55,2016-01-07 18:42:55,Completed
769,1,2011-10-17 19:59:09,2011-10-17 19:59:09,Cancelled
770,8,2013-10-31 22:54:31,2013-10-31 22:54:31,InProgress
771,8,1978-10-12 04:24:23,1978-10-12 04:24:23,InProgress
772,5,2021-07-18 01:02:48,2021-07-18 01:02:48,InProgress
773,8,1986-11-05 11:54:35,1986-11-05 11:54:35,Cancelled
774,10,1973-11-01 17:46:36,1973-11-01 17:46:36,Cancelled
775,4,1982-06-30 03:42:40,1982-06-30 03:42:40,InProgress
776,2,1975-08-21 06:01:38,1975-08-21 06:01:38,Cancelled
777,7,2014-11-20 11:21:23,2014-11-20 11:21:23,Completed
778,1,1980-12-03 04:40:05,1980-12-03 04:40:05,Cancelled
779,3,1974-10-09 16:06:47,1974-10-09 16:06:47,InProgress
780,3,2011-04-02 05:01:46,2011-04-02 05:01:46,Cancelled
781,7,2002-10-26 07:43:42,2002-10-26 07:43:42,InProgress
782,1,1972-02-12 14:19:16,1972-02-12 14:19:16,Cancelled
783,10,1997-08-07 20:06:54,1997-08-07 20:06:54,Cancelled
784,10,1982-07-17 05:10:04,1982-07-17 05:10:04,InProgress
785,1,2001-10-30 21:32:29,2001-10-30 21:32:29,Completed
786,7,1993-12-11 13:28:51,1993-12-11 13:28:51,InProgress
787,9,1996-03-17 06:05:55,1996-03-17 06:05:55,InProgress
788,10,2001-03-08 14:41:00,2001-03-08 14:41:00,Completed
789,4,1974-05-03 23:25:01,1974-05-03 23:25:01,Completed
790,2,1997-01-14 06:33:39,1997-01-14 06:33:39,InProgress
791,1,1994-10-15 21:20:06,1994-10-15 21:20:06,Cancelled
792,10,1973-04-03 02:28:00,1973-04-03 02:28:00,Cancelled
793,3,1990-09-12 06:50:36,1990-09-12 06:50:36,InProgress
794,9,1996-02-02 18:38:33,1996-02-02 18:38:33,Cancelled
795,4,1977-07-29 12:23:25,1977-07-29 12:23:25,InProgress
796,9,1989-07-08 20:19:57,1989-07-08 20:19:57,InProgress
797,5,2002-02-28 10:18:21,2002-02-28 10:18:21,InProgress
798,2,1986-12-04 07:54:52,1986-12-04 07:54:52,InProgress
799,2,2018-07-11 10:51:24,2018-07-11 10:51:24,InProgress
800,3,1989-07-13 16:32:31,1989-07-13 16:32:31,Completed
801,3,1994-11-04 10:50:37,1994-11-04 10:50:37,Cancelled
802,8,2009-01-20 01:50:23,2009-01-20 01:50:23,InProgress
803,9,2006-09-15 17:51:27,2006-09-15 17:51:27,Cancelled
804,5,2004-07-16 03:02:50,2004-07-16 03:02:50,Cancelled
805,8,2020-04-14 13:18:00,2020-04-14 13:18:00,Cancelled
806,8,1972-07-17 22:54:37,1972-07-17 22:54:37,Completed
807,4,1981-04-29 09:46:09,1981-04-29 09:46:09,Completed
808,7,1991-08-13 16:47:43,1991-08-13 16:47:43,Cancelled
809,6,1972-05-25 13:53:14,1972-05-25 13:53:14,Cancelled
810,6,2020-11-02 19:12:29,2020-11-02 19:12:29,Completed
811,2,1987-05-03 09:02:29,1987-05-03 09:02:29,Cancelled
812,5,2010-08-25 23:41:54,2010-08-25 23:41:54,Completed
813,9,1984-12-30 13:12:53,1984-12-30 13:12:53,InProgress
814,1,1991-12-07 09:07:00,1991-12-07 09:07:00,Completed
815,9,2001-11-18 09:52:06,2001-11-18 09:52:06,Cancelled
816,7,1979-09-10 23:46:32,1979-09-10 23:46:32,Completed
817,5,1986-05-11 16:00:51,1986-05-11 16:00:51,Cancelled
818,6,1993-02-10 11:15:34,1993-02-10 11:15:34,Cancelled
819,4,2019-04-11 04:07:59,2019-04-11 04:07:59,InProgress
820,7,1982-12-22 18:33:30,1982-12-22 18:33:30,InProgress
821,6,1999-02-03 02:51:30,1999-02-03 02:51:30,InProgress
822,5,1985-12-02 16:34:13,1985-12-02 16:34:13,Completed
823,4,1996-04-03 15:06:18,1996-04-03 15:06:18,Cancelled
824,10,1970-12-14 17:24:37,1970-12-14 17:24:37,Completed
825,4,2008-03-22 15:29:06,2008-03-22 15:29:06,Completed
826,3,1979-10-13 20:12:59,1979-10-13 20:12:59,Cancelled
827,8,1977-07-03 12:54:09,1977-07-03 12:54:09,Completed
828,9,2019-09-30 01:52:42,2019-09-30 01:52:42,Completed
829,2,2006-02-19 01:50:20,2006-02-19 01:50:20,InProgress
830,10,2016-06-11 09:27:52,2016-06-11 09:27:52,InProgress
831,4,2000-06-03 14:06:32,2000-06-03 14:06:32,Completed
832,9,2018-05-03 06:16:41,2018-05-03 06:16:41,InProgress
833,8,2019-11-04 23:18:02,2019-11-04 23:18:02,InProgress
834,2,2009-05-24 03:07:49,2009-05-24 03:07:49,InProgress
835,6,1983-07-21 11:43:03,1983-07-21 11:43:03,Cancelled
836,10,1975-08-21 21:05:19,1975-08-21 21:05:19,Cancelled
837,7,2021-10-12 13:30:47,2021-10-12 13:30:47,Completed
838,4,1979-07-08 16:51:43,1979-07-08 16:51:43,Completed
839,9,1985-10-12 03:10:19,1985-10-12 03:10:19,Cancelled
840,7,2004-10-25 05:13:12,2004-10-25 05:13:12,Cancelled
841,4,1985-05-21 03:29:09,1985-05-21 03:29:09,InProgress
842,6,1991-07-24 03:57:07,1991-07-24 03:57:07,Completed
843,2,2009-04-22 22:07:05,2009-04-22 22:07:05,InProgress
844,7,2013-02-13 23:06:32,2013-02-13 23:06:32,Cancelled
845,1,1988-12-17 12:56:17,1988-12-17 12:56:17,Cancelled
846,9,2010-11-07 23:58:03,2010-11-07 23:58:03,Cancelled
847,8,1982-11-16 08:56:27,1982-11-16 08:56:27,InProgress
848,9,2020-02-17 17:29:03,2020-02-17 17:29:03,InProgress
849,2,1992-06-04 03:28:28,1992-06-04 03:28:28,Cancelled
850,1,2008-01-01 01:15:50,2008-01-01 01:15:50,InProgress
851,7,1985-08-22 15:23:31,1985-08-22 15:23:31,InProgress
852,7,2012-06-02 20:59:02,2012-06-02 20:59:02,Completed
853,5,1995-03-11 12:53:18,1995-03-11 12:53:18,InProgress
854,4,2018-09-05 23:51:34,2018-09-05 23:51:34,InProgress
855,4,2000-01-25 20:19:52,2000-01-25 20:19:52,InProgress
856,5,1984-12-24 18:26:30,1984-12-24 18:26:30,InProgress
857,4,2015-05-09 12:09:08,2015-05-09 12:09:08,Cancelled
858,5,1975-03-27 04:56:25,1975-03-27 04:56:25,Cancelled
859,9,1974-07-14 06:11:51,1974-07-14 06:11:51,InProgress
860,2,2014-01-24 12:07:15,2014-01-24 12:07:15,Completed
861,6,1989-11-25 13:39:23,1989-11-25 13:39:23,Completed
862,3,1982-08-14 12:23:17,1982-08-14 12:23:17,InProgress
863,4,2017-03-09 14:44:50,2017-03-09 14:44:50,InProgress
864,2,2016-02-17 14:49:42,2016-02-17 14:49:42,Cancelled
865,1,1970-10-19 05:58:25,1970-10-19 05:58:25,InProgress
866,2,1991-10-10 16:22:32,1991-10-10 16:22:32,InProgress
867,7,2009-06-23 21:44:55,2009-06-23 21:44:55,Cancelled
868,4,1973-05-10 11:31:52,1973-05-10 11:31:52,Completed
869,6,2005-05-30 21:03:27,2005-05-30 21:03:27,Completed
870,6,1982-01-22 05:14:58,1982-01-22 05:14:58,Cancelled
871,1,1975-02-02 15:55:35,1975-02-02 15:55:35,Completed
872,3,2014-10-05 06:36:09,2014-10-05 06:36:09,Cancelled
873,10,1995-01-29 22:52:20,1995-01-29 22:52:20,Completed
874,6,1976-05-09 03:27:22,1976-05-09 03:27:22,InProgress
875,9,1985-06-13 11:13:10,1985-06-13 11:13:10,InProgress
876,4,1999-06-12 11:11:50,1999-06-12 11:11:50,Completed
877,2,2019-12-19 17:08:26,2019-12-19 17:08:26,InProgress
878,1,2004-12-29 18:14:36,2004-12-29 18:14:36,Cancelled
879,4,1997-10-22 12:56:08,1997-10-22 12:56:08,Cancelled
880,1,2003-12-22 23:22:26,2003-12-22 23:22:26,Cancelled
881,9,1982-08-16 13:05:19,1982-08-16 13:05:19,Cancelled
882,7,2001-10-09 00:36:46,2001-10-09 00:36:46,Completed
883,9,2012-10-24 16:31:06,2012-10-24 16:31:06,Completed
884,10,1988-08-22 23:05:51,1988-08-22 23:05:51,InProgress
885,2,1982-05-06 00:20:40,1982-05-06 00:20:40,Completed
886,8,2014-05-30 11:47:04,2014-05-30 11:47:04,Completed
887,2,1976-07-14 23:54:21,1976-07-14 23:54:21,Cancelled
888,5,1999-04-09 03:23:54,1999-04-09 03:23:54,Cancelled
889,2,1991-05-24 00:16:27,1991-05-24 00:16:27,Cancelled
890,6,2013-01-20 14:09:38,2013-01-20 14:09:38,Cancelled
891,8,1996-01-17 18:41:08,1996-01-17 18:41:08,Cancelled
892,8,2021-03-07 23:45:21,2021-03-07 23:45:21,Completed
893,8,2017-10-05 19:12:05,2017-10-05 19:12:05,InProgress
894,5,1989-01-06 05:41:35,1989-01-06 05:41:35,Cancelled
895,7,1975-03-30 17:49:50,1975-03-30 17:49:50,Cancelled
896,3,1995-01-18 23:18:40,1995-01-18 23:18:40,Completed
897,8,2008-06-02 01:14:22,2008-06-02 01:14:22,InProgress
898,5,2003-03-04 10:09:36,2003-03-04 10:09:36,Completed
899,7,1973-04-04 23:43:07,1973-04-04 23:43:07,Completed
900,9,2005-12-03 17:07:36,2005-12-03 17:07:36,Completed
901,10,2015-12-25 04:33:18,2015-12-25 04:33:18,InProgress
902,10,2012-08-16 15:35:09,2012-08-16 15:35:09,InProgress
903,2,2001-09-12 15:51:48,2001-09-12 15:51:48,InProgress
904,10,1986-03-25 13:29:51,1986-03-25 13:29:51,Cancelled
905,10,2017-02-08 13:21:36,2017-02-08 13:21:36,InProgress
906,5,1988-01-11 15:54:43,1988-01-11 15:54:43,Completed
907,9,1985-11-07 15:44:54,1985-11-07 15:44:54,Cancelled
908,5,2010-08-25 14:07:38,2010-08-25 14:07:38,Cancelled
909,7,2013-05-27 09:18:08,2013-05-27 09:18:08,Completed
910,9,1980-04-29 15:20:02,1980-04-29 15:20:02,InProgress
911,5,2019-10-02 15:47:39,2019-10-02 15:47:39,Cancelled
912,4,1982-12-03 13:57:51,1982-12-03 13:57:51,Completed
913,6,2001-07-29 18:43:09,2001-07-29 18:43:09,Completed
914,3,1993-08-08 14:03:26,1993-08-08 14:03:26,Cancelled
915,10,1985-04-16 23:26:51,1985-04-16 23:26:51,Completed
916,8,2004-06-22 09:48:24,2004-06-22 09:48:24,Cancelled
917,7,1999-07-27 17:29:36,1999-07-27 17:29:36,Completed
918,7,1970-01-18 04:09:17,1970-01-18 04:09:17,Cancelled
919,10,1972-12-14 16:37:26,1972-12-14 16:37:26,InProgress
920,5,1985-05-04 11:51:22,1985-05-04 11:51:22,InProgress
921,8,2007-10-04 01:15:36,2007-10-04 01:15:36,Completed
922,3,1975-08-04 10:42:41,1975-08-04 10:42:41,Cancelled
923,8,1985-03-14 18:58:20,1985-03-14 18:58:20,Completed
924,9,1989-05-03 00:21:39,1989-05-03 00:21:39,Cancelled
925,7,2017-12-23 02:20:35,2017-12-23 02:20:35,InProgress
926,8,2014-10-16 21:35:32,2014-10-16 21:35:32,InProgress
927,4,1996-05-22 19:25:54,1996-05-22 19:25:54,Completed
928,4,1990-04-14 11:23:27,1990-04-14 11:23:27,Cancelled
929,2,1987-05-27 14:31:50,1987-05-27 14:31:50,InProgress
930,5,2009-05-04 15:09:36,2009-05-04 15:09:36,InProgress
931,1,1996-04-10 07:59:52,1996-04-10 07:59:52,InProgress
932,2,2000-11-29 02:36:39,2000-11-29 02:36:39,Cancelled
933,5,1972-06-15 01:06:36,1972-06-15 01:06:36,InProgress
934,1,1977-10-20 21:15:09,1977-10-20 21:15:09,Completed
935,10,1981-11-04 22:23:15,1981-11-04 22:23:15,Cancelled
936,9,1986-05-28 03:49:18,1986-05-28 03:49:18,Completed
937,7,1993-12-19 13:17:49,1993-12-19 13:17:49,Completed
938,2,1996-04-07 01:21:01,1996-04-07 01:21:01,InProgress
939,1,1990-08-05 10:10:52,1990-08-05 10:10:52,InProgress
940,10,2013-09-11 13:27:43,2013-09-11 13:27:43,Cancelled
941,2,1996-11-15 03:36:19,1996-11-15 03:36:19,Completed
942,10,2014-12-04 22:05:05,2014-12-04 22:05:05,Cancelled
943,5,2004-01-08 09:49:59,2004-01-08 09:49:59,Completed
944,9,1998-12-22 02:35:42,1998-12-22 02:35:42,Completed
945,6,1985-02-13 20:11:04,1985-02-13 20:11:04,Cancelled
946,5,1998-01-24 01:38:46,1998-01-24 01:38:46,Completed
947,7,1995-07-17 18:24:51,1995-07-17 18:24:51,Cancelled
948,9,1994-05-24 17:32:42,1994-05-24 17:32:42,Cancelled
949,7,1984-04-07 00:33:29,1984-04-07 00:33:29,InProgress
950,10,2010-12-26 04:22:20,2010-12-26 04:22:20,InProgress
951,2,2021-01-22 04:56:09,2021-01-22 04:56:09,Cancelled
952,4,1998-04-10 03:11:45,1998-04-10 03:11:45,Cancelled
953,2,1997-12-27 10:24:23,1997-12-27 10:24:23,Completed
954,3,2016-11-26 10:14:06,2016-11-26 10:14:06,Cancelled
955,5,2020-08-28 04:42:43,2020-08-28 04:42:43,Cancelled
956,8,2002-01-27 16:10:05,2002-01-27 16:10:05,Completed
957,4,2015-05-25 06:05:04,2015-05-25 06:05:04,Cancelled
958,3,1998-04-30 17:26:47,1998-04-30 17:26:47,InProgress
959,7,2005-12-10 15:27:11,2005-12-10 15:27:11,Cancelled
960,10,2000-10-25 21:51:02,2000-10-25 21:51:02,Cancelled
961,10,1988-05-07 09:38:27,1988-05-07 09:38:27,Cancelled
962,6,1988-09-16 17:26:44,1988-09-16 17:26:44,InProgress
963,9,2003-08-05 12:12:22,2003-08-05 12:12:22,Completed
964,7,2003-12-14 18:56:04,2003-12-14 18:56:04,InProgress
965,6,2006-11-18 05:56:57,2006-11-18 05:56:57,Cancelled
966,1,1989-12-25 22:04:06,1989-12-25 22:04:06,InProgress
967,10,2019-04-09 22:47:24,2019-04-09 22:47:24,InProgress
968,3,2019-12-24 23:53:12,2019-12-24 23:53:12,Cancelled
969,1,1994-05-15 16:04:42,1994-05-15 16:04:42,InProgress
970,10,1976-02-20 17:31:08,1976-02-20 17:31:08,InProgress
971,5,1988-03-27 07:53:38,1988-03-27 07:53:38,Completed
972,8,2019-05-18 07:34:52,2019-05-18 07:34:52,Completed
973,9,2021-09-28 11:36:37,2021-09-28 11:36:37,InProgress
974,5,1991-01-15 11:35:22,1991-01-15 11:35:22,Cancelled
975,8,1991-06-18 18:32:10,1991-06-18 18:32:10,Cancelled
976,8,1985-06-05 21:20:19,1985-06-05 21:20:19,Completed
977,8,2012-06-01 06:43:01,2012-06-01 06:43:01,Completed
978,10,1977-06-09 13:07:28,1977-06-09 13:07:28,InProgress
979,6,1979-05-26 04:05:11,1979-05-26 04:05:11,Completed
980,2,2007-02-07 01:46:27,2007-02-07 01:46:27,InProgress
981,8,2008-02-11 01:49:54,2008-02-11 01:49:54,Cancelled
982,4,2006-05-26 00:52:57,2006-05-26 00:52:57,Completed
983,10,2017-03-31 05:39:56,2017-03-31 05:39:56,InProgress
984,10,1999-12-12 00:34:14,1999-12-12 00:34:14,Completed
985,7,1997-02-26 05:56:55,1997-02-26 05:56:55,Completed
986,7,1986-07-19 21:27:22,1986-07-19 21:27:22,Completed
987,9,1971-12-15 21:17:29,1971-12-15 21:17:29,Cancelled
988,10,1988-09-02 08:45:40,1988-09-02 08:45:40,Completed
989,2,2008-07-08 17:01:43,2008-07-08 17:01:43,Completed
990,8,1983-04-08 00:44:18,1983-04-08 00:44:18,Completed
991,8,1985-08-29 08:51:59,1985-08-29 08:51:59,Cancelled
992,2,2004-10-16 19:39:07,2004-10-16 19:39:07,Completed
993,9,2005-11-09 18:36:19,2005-11-09 18:36:19,InProgress
994,10,2015-11-20 22:45:45,2015-11-20 22:45:45,Cancelled
995,10,2019-03-22 20:45:42,2019-03-22 20:45:42,Cancelled
996,3,2008-07-21 08:11:21,2008-07-21 08:11:21,InProgress
997,7,1980-01-08 13:42:01,1980-01-08 13:42:01,Cancelled
998,1,1998-04-11 09:47:48,1998-04-11 09:47:48,Cancelled
999,5,1990-04-13 02:43:58,1990-04-13 02:43:58,Cancelled
1000,10,1988-01-05 18:26:34,1988-01-05 18:26:34,Completed
